07/21/2016 09:11:57	7xxx hwio	Start time in future: 1469106717 start, 1469106717 now
07/21/2016 09:12:22	7xxx hwio	Start time in future: 1469106742 start, 1469106742 now
07/21/2016 09:12:51	7xxx hwio	Start time in future: 1469106771 start, 1469106771 now
07/21/2016 09:13:04	7xxx hwio	Start time in future: 1469106784 start, 1469106784 now
07/21/2016 09:13:32	7xxx hwio	Start time in future: 1469106812 start, 1469106812 now
07/21/2016 09:16:11	7xxx hwio	Start time in future: 1469106971 start, 1469106971 now
07/21/2016 09:17:30	7xxx hwio	Start time in future: 1469107050 start, 1469107050 now
07/21/2016 09:18:06	7xxx hwio	Start time in future: 1469107086 start, 1469107086 now
07/21/2016 09:23:17	7xxx hwio	Start time in future: 1469107397 start, 1469107397 now
07/21/2016 09:24:48	7xxx hwio	Start time in future: 1469107488 start, 1469107488 now
07/21/2016 09:25:09	7xxx hwio	Start time in future: 1469107509 start, 1469107509 now
07/21/2016 09:25:37	7xxx hwio	Start time in future: 1469107537 start, 1469107537 now
07/21/2016 09:26:04	7xxx hwio	Start time in future: 1469107564 start, 1469107564 now
07/21/2016 09:27:56	7xxx hwio	Start time in future: 1469107676 start, 1469107676 now
07/21/2016 09:29:01	7xxx hwio	Start time in future: 1469107740 start, 1469107741 now
07/21/2016 09:30:52	7xxx hwio	Start time in future: 1469107852 start, 1469107852 now
07/21/2016 09:31:03	7xxx hwio	Start time in future: 1469107863 start, 1469107863 now
07/21/2016 09:31:32	7xxx hwio	Start time in future: 1469107892 start, 1469107892 now
07/21/2016 09:33:49	7xxx hwio	Start time in future: 1469108029 start, 1469108029 now
07/21/2016 09:33:57	7xxx hwio	Start time in future: 1469108037 start, 1469108037 now
07/21/2016 09:42:06	7xxx hwio	Start time in future: 1469108526 start, 1469108526 now
07/21/2016 09:43:25	7xxx hwio	Start time in future: 1469108605 start, 1469108605 now
07/21/2016 09:43:48	7xxx hwio	Start time in future: 1469108628 start, 1469108628 now
07/21/2016 09:45:03	7xxx hwio	Start time in future: 1469108703 start, 1469108703 now
07/21/2016 09:47:23	7xxx hwio	Start time in future: 1469108843 start, 1469108843 now
07/21/2016 09:55:02	rule engine	Start time in future: 1469109302 start, 1469109302 now
07/21/2016 09:55:02	7xxx hwio	Start time in future: 1469109301 start, 1469109302 now
07/21/2016 10:08:23	7xxx hwio	Start time in future: 1469110103 start, 1469110103 now
07/21/2016 10:08:54	7xxx hwio	Start time in future: 1469110134 start, 1469110134 now
07/21/2016 10:13:07	7xxx hwio	Start time in future: 1469110387 start, 1469110387 now
07/21/2016 10:15:06	7xxx hwio	Start time in future: 1469110506 start, 1469110506 now
07/21/2016 10:16:56	7xxx hwio	Start time in future: 1469110616 start, 1469110616 now
07/21/2016 10:19:22	7xxx hwio	Start time in future: 1469110761 start, 1469110762 now
07/21/2016 10:22:04	7xxx hwio	Start time in future: 1469110924 start, 1469110924 now
07/21/2016 10:33:20	7xxx hwio	Start time in future: 1469111600 start, 1469111600 now
07/21/2016 10:35:07	7xxx hwio	Start time in future: 1469111707 start, 1469111707 now
07/21/2016 10:36:55	7xxx hwio	Start time in future: 1469111815 start, 1469111815 now
07/21/2016 10:37:31	7xxx hwio	Start time in future: 1469111851 start, 1469111851 now
07/21/2016 10:39:21	7xxx hwio	Start time in future: 1469111961 start, 1469111961 now
07/21/2016 10:41:11	7xxx hwio	Start time in future: 1469112071 start, 1469112071 now
07/21/2016 10:41:48	7xxx hwio	Start time in future: 1469112108 start, 1469112108 now
07/21/2016 10:47:21	7xxx hwio	Start time in future: 1469112441 start, 1469112441 now
07/21/2016 10:47:46	7xxx hwio	Start time in future: 1469112466 start, 1469112466 now
07/21/2016 10:49:39	7xxx hwio	Start time in future: 1469112579 start, 1469112579 now
07/21/2016 10:50:09	7xxx hwio	Start time in future: 1469112609 start, 1469112609 now
07/21/2016 10:51:20	7xxx hwio	Start time in future: 1469112680 start, 1469112680 now
07/21/2016 10:53:34	7xxx hwio	Start time in future: 1469112814 start, 1469112814 now
07/21/2016 10:55:02	7xxx hwio	Start time in future: 1469112902 start, 1469112902 now
07/21/2016 10:55:03	rule engine	Start time in future: 1469112902 start, 1469112903 now
07/21/2016 10:55:38	7xxx hwio	Start time in future: 1469112938 start, 1469112938 now
07/21/2016 10:56:10	7xxx hwio	Start time in future: 1469112970 start, 1469112970 now
07/21/2016 10:56:30	7xxx hwio	Start time in future: 1469112990 start, 1469112990 now
07/21/2016 10:58:18	7xxx hwio	Start time in future: 1469113098 start, 1469113098 now
07/21/2016 11:02:53	7xxx hwio	Start time in future: 1469113373 start, 1469113373 now
07/21/2016 11:04:43	7xxx hwio	Start time in future: 1469113483 start, 1469113483 now
07/21/2016 11:09:08	7xxx hwio	Start time in future: 1469113748 start, 1469113748 now
07/21/2016 11:10:29	7xxx hwio	Start time in future: 1469113829 start, 1469113829 now
07/21/2016 11:13:52	7xxx hwio	Start time in future: 1469114031 start, 1469114032 now
07/21/2016 11:21:00	7xxx hwio	Start time in future: 1469114460 start, 1469114460 now
07/21/2016 11:27:04	7xxx hwio	Start time in future: 1469114824 start, 1469114824 now
07/21/2016 11:28:40	7xxx hwio	Start time in future: 1469114920 start, 1469114920 now
07/21/2016 11:29:26	7xxx hwio	Start time in future: 1469114966 start, 1469114966 now
07/21/2016 11:31:31	7xxx hwio	Start time in future: 1469115091 start, 1469115091 now
07/21/2016 11:34:10	7xxx hwio	Start time in future: 1469115250 start, 1469115250 now
07/21/2016 11:36:15	7xxx hwio	Start time in future: 1469115375 start, 1469115375 now
07/21/2016 11:37:40	7xxx hwio	Start time in future: 1469115460 start, 1469115460 now
07/21/2016 11:38:36	7xxx hwio	Start time in future: 1469115516 start, 1469115516 now
07/21/2016 11:39:03	7xxx hwio	Start time in future: 1469115543 start, 1469115543 now
07/21/2016 11:39:11	7xxx hwio	Start time in future: 1469115551 start, 1469115551 now
07/21/2016 11:39:27	7xxx hwio	Start time in future: 1469115567 start, 1469115567 now
07/21/2016 11:39:39	7xxx hwio	Start time in future: 1469115579 start, 1469115579 now
07/21/2016 11:40:55	7xxx hwio	Start time in future: 1469115655 start, 1469115655 now
07/21/2016 11:40:57	7xxx hwio	Start time in future: 1469115657 start, 1469115657 now
07/21/2016 11:41:01	7xxx hwio	Start time in future: 1469115661 start, 1469115661 now
07/21/2016 11:41:35	7xxx hwio	Start time in future: 1469115695 start, 1469115695 now
07/21/2016 11:41:51	7xxx hwio	Start time in future: 1469115711 start, 1469115711 now
07/21/2016 11:42:12	7xxx hwio	Start time in future: 1469115732 start, 1469115732 now
07/21/2016 11:43:57	7xxx hwio	Start time in future: 1469115837 start, 1469115837 now
07/21/2016 11:44:14	7xxx hwio	Start time in future: 1469115854 start, 1469115854 now
07/21/2016 11:44:32	7xxx hwio	Start time in future: 1469115872 start, 1469115872 now
07/21/2016 11:46:22	7xxx hwio	Start time in future: 1469115982 start, 1469115982 now
07/21/2016 11:46:24	7xxx hwio	Start time in future: 1469115984 start, 1469115984 now
07/21/2016 11:49:50	7xxx hwio	Start time in future: 1469116190 start, 1469116190 now
07/21/2016 11:50:18	7xxx hwio	Start time in future: 1469116218 start, 1469116218 now
07/21/2016 11:52:42	7xxx hwio	Start time in future: 1469116362 start, 1469116362 now
07/21/2016 11:53:26	7xxx hwio	Start time in future: 1469116406 start, 1469116406 now
07/21/2016 11:53:53	7xxx hwio	Start time in future: 1469116433 start, 1469116433 now
07/21/2016 11:54:59	7xxx hwio	Start time in future: 1469116499 start, 1469116499 now
07/21/2016 11:55:02	rule engine	Start time in future: 1469116502 start, 1469116502 now
07/21/2016 11:55:03	7xxx hwio	Start time in future: 1469116502 start, 1469116503 now
07/21/2016 12:10:09	7xxx hwio	Start time in future: 1469117409 start, 1469117409 now
07/21/2016 12:14:04	7xxx hwio	Start time in future: 1469117644 start, 1469117644 now
07/21/2016 12:25:39	7xxx hwio	Start time in future: 1469118339 start, 1469118339 now
07/21/2016 12:27:25	7xxx hwio	Start time in future: 1469118445 start, 1469118445 now
07/21/2016 12:30:40	7xxx hwio	Start time in future: 1469118640 start, 1469118640 now
07/21/2016 12:31:15	7xxx hwio	Start time in future: 1469118675 start, 1469118675 now
07/21/2016 12:33:39	7xxx hwio	Start time in future: 1469118819 start, 1469118819 now
07/21/2016 12:34:20	7xxx hwio	Start time in future: 1469118859 start, 1469118860 now
07/21/2016 12:36:52	7xxx hwio	Start time in future: 1469119012 start, 1469119012 now
07/21/2016 12:37:07	7xxx hwio	Start time in future: 1469119027 start, 1469119027 now
